Feature Key,Feature f(i),"Effort(days) t(i,2)","Stakeholder S (1), Value v(1,i)","Stakeholder S (1), Urgency u(1,i)","Stakeholder S (2), Value v(2,i)","Stakeholder S (2), Urgency u(2,i)"
PAINTROID-162,paste tool,5,2,"(1, 0, 0)",1,"(1, 0, 0)"
PAINTROID-156,spray tool,5,3,"(1, 0, 0)",2,"(1, 0, 0)"
PAINTROID-153,hint change default settings tools,3,2,"(1, 0, 0)",1,"(1, 0, 0)"
PAINTROID-151,copy paste symbols stamp tool selection application,3,3,"(1, 0, 0)",2,"(1, 0, 0)"
PAINTROID-147,confirm tool application selecting tool,5,1,"(1, 0, 0)",1,"(1, 0, 0)"
PAINTROID-122,image file size editing,20,3,"(2, 0, 0)",2,"(1, 0, 0)"
3-0-gp:AOqpTOF14r5wqNJk57ZjLiIFfhNLikDYXw6qKaB6cMLZXS1wbzdp8jMHl6jNfSpatU9ipNSYwKCAEhHiUi_Z5A,like paint,5,3,"(2, 0, 0)",2,"(1, 0, 0)"
3-1-gp:AOqpTOF14r5wqNJk57ZjLiIFfhNLikDYXw6qKaB6cMLZXS1wbzdp8jMHl6jNfSpatU9ipNSYwKCAEhHiUi_Z5A,microsoft computers,5,3,"(2, 0, 0)",2,"(1, 0, 0)"
7-0-gp:AOqpTOEQbFCeCxIZkPCRGJ4zKr3SIT_Qpp7e8oe8iRhTk1-LjBy_f6hF4R4o2PFUHjEEnvsjVtAQEdKBy53aig,transparent color,5,4,"(1, 0, 0)",2,"(1, 0, 0)"
7-1-gp:AOqpTOEQbFCeCxIZkPCRGJ4zKr3SIT_Qpp7e8oe8iRhTk1-LjBy_f6hF4R4o2PFUHjEEnvsjVtAQEdKBy53aig,load photos,5,4,"(1, 0, 0)",2,"(1, 0, 0)"
7-2-gp:AOqpTOEQbFCeCxIZkPCRGJ4zKr3SIT_Qpp7e8oe8iRhTk1-LjBy_f6hF4R4o2PFUHjEEnvsjVtAQEdKBy53aig,perfect substitute,5,4,"(1, 0, 0)",2,"(1, 0, 0)"
18-0-gp:AOqpTOFHWLkxGK_W6k5V1wxu4E38FiTVDHfuxzvXWeqJ41B6RYKdHk1ZyiADmKOi2wQWZ7TbqAn--lNtGQ6dlA,move image,5,5,"(4, 0, 0)",3,"(2, 0, 0)"
25-0-gp:AOqpTOEnSejmZRPqfNvemJdeQaYqAlbu0PYIULndY8tKlRcARE_F2JiOymHCRiLaoL-jaZdiX4xKJmdSISoLSQ,dead fast,5,5,"(5, 0, 0)",3,"(3, 0, 0)"
30-0-gp:AOqpTOGwjYkukgpZUwQBeJMavA6plT3YhR6oHDJnYAVh91yjo1BiGhgs0NukO-uTVivpB9dKU-dAFx8R_2Ae7w,do some quite,5,5,"(5, 0, 0)",3,"(3, 0, 0)"
30-1-gp:AOqpTOGwjYkukgpZUwQBeJMavA6plT3YhR6oHDJnYAVh91yjo1BiGhgs0NukO-uTVivpB9dKU-dAFx8R_2Ae7w,simple draw offer,5,5,"(5, 0, 0)",3,"(3, 0, 0)"
30-2-gp:AOqpTOGwjYkukgpZUwQBeJMavA6plT3YhR6oHDJnYAVh91yjo1BiGhgs0NukO-uTVivpB9dKU-dAFx8R_2Ae7w,quite complex picture,5,5,"(5, 0, 0)",3,"(3, 0, 0)"
30-3-gp:AOqpTOGwjYkukgpZUwQBeJMavA6plT3YhR6oHDJnYAVh91yjo1BiGhgs0NukO-uTVivpB9dKU-dAFx8R_2Ae7w,good range,5,5,"(5, 0, 0)",3,"(3, 0, 0)"
33-0-gp:AOqpTOGwjYkukgpZUwQBeJMavA6plT3YhR6oHDJnYAVh91yjo1BiGhgs0NukO-uTVivpB9dKU-dAFx8R_2Ae7w,removes exif data,5,5,"(5, 0, 0)",3,"(3, 0, 0)"
33-1-gp:AOqpTOGwjYkukgpZUwQBeJMavA6plT3YhR6oHDJnYAVh91yjo1BiGhgs0NukO-uTVivpB9dKU-dAFx8R_2Ae7w,reduces resolution,5,5,"(5, 0, 0)",3,"(3, 0, 0)"
46-0-gp:AOqpTOEGzOxob9f6FKMQynmKhZm0Z9Cok3kKVUnFmoL3QpR2yF3KP_RtUMxAldvaIWOHexHtSElqMmHkHV6wrg,unnecessary permissions,5,5,"(2, 0, 0)",3,"(1, 0, 0)"
51-0-gp:AOqpTOH4vZfWvQUMHi2dj6qYyrIW2Ck5Q_KG2yrmYpm7jKZCuRWzcWxKiZhC_Pxzi_HnOGXg84qhWmAVQNtKww,stop camera,5,5,"(3, 0, 0)",3,"(2, 0, 0)"
51-1-gp:AOqpTOH4vZfWvQUMHi2dj6qYyrIW2Ck5Q_KG2yrmYpm7jKZCuRWzcWxKiZhC_Pxzi_HnOGXg84qhWmAVQNtKww,long lines,5,5,"(3, 0, 0)",3,"(2, 0, 0)"
56-0-gp:AOqpTOGYWmuMyFLh5t13cK5larbtOYrnURYOj93d0qQcZWEElmFfRuLTlSoCAKBwpx5Od1usWo_WdshrQc_nEg,wide verity,5,5,"(1, 0, 0)",3,"(1, 0, 0)"
59-0-gp:AOqpTOHIn6_H_XeSBeC9LDZUkSDAN0t9IrxBN6NDhYCSHtX62_RzlVYt9WDHBsX2qcdXm0pDrwInpCb5Hvh-Kg,newest update,5,4,"(1, 0, 0)",2,"(1, 0, 0)"
60-0-gp:AOqpTOHIn6_H_XeSBeC9LDZUkSDAN0t9IrxBN6NDhYCSHtX62_RzlVYt9WDHBsX2qcdXm0pDrwInpCb5Hvh-Kg,original position,5,4,"(1, 0, 0)",2,"(1, 0, 0)"
60-2-gp:AOqpTOHIn6_H_XeSBeC9LDZUkSDAN0t9IrxBN6NDhYCSHtX62_RzlVYt9WDHBsX2qcdXm0pDrwInpCb5Hvh-Kg,correct point,5,4,"(1, 0, 0)",2,"(1, 0, 0)"
64-0-gp:AOqpTOHIn6_H_XeSBeC9LDZUkSDAN0t9IrxBN6NDhYCSHtX62_RzlVYt9WDHBsX2qcdXm0pDrwInpCb5Hvh-Kg,last update perfect,5,4,"(1, 0, 0)",2,"(1, 0, 0)"
69-0-gp:AOqpTOHIn6_H_XeSBeC9LDZUkSDAN0t9IrxBN6NDhYCSHtX62_RzlVYt9WDHBsX2qcdXm0pDrwInpCb5Hvh-Kg,more updates,5,4,"(1, 0, 0)",2,"(1, 0, 0)"
87-0-gp:AOqpTOGRd3MoMqk8f6q_QXmM9AxwYtxy3WeWB5wdfBFytM0qIIgyb_mkT3gfgYbteoO1HUrtIGTax-uWO1n1NA,main issue tools,5,5,"(3, 0, 0)",3,"(2, 0, 0)"
89-0-gp:AOqpTOGRd3MoMqk8f6q_QXmM9AxwYtxy3WeWB5wdfBFytM0qIIgyb_mkT3gfgYbteoO1HUrtIGTax-uWO1n1NA,shrink an image,5,5,"(3, 0, 0)",3,"(2, 0, 0)"
89-1-gp:AOqpTOGRd3MoMqk8f6q_QXmM9AxwYtxy3WeWB5wdfBFytM0qIIgyb_mkT3gfgYbteoO1HUrtIGTax-uWO1n1NA,resize tool,5,5,"(2, 0, 0)",3,"(1, 0, 0)"
90-0-gp:AOqpTOGRd3MoMqk8f6q_QXmM9AxwYtxy3WeWB5wdfBFytM0qIIgyb_mkT3gfgYbteoO1HUrtIGTax-uWO1n1NA,future update,5,5,"(3, 0, 0)",3,"(2, 0, 0)"
117-0-gp:AOqpTOH27CET-gU3163Fj8kuExCKpLAt8D6lAv-WL7RD_ObAv0OOx7IxAetq3PaM-ico3zkjebQZXkSNEbXdFA,crop images,5,5,"(1, 0, 0)",3,"(1, 0, 0)"
117-1-gp:AOqpTOH27CET-gU3163Fj8kuExCKpLAt8D6lAv-WL7RD_ObAv0OOx7IxAetq3PaM-ico3zkjebQZXkSNEbXdFA,add transparency,5,5,"(1, 0, 0)",3,"(1, 0, 0)"
118-0-gp:AOqpTOH27CET-gU3163Fj8kuExCKpLAt8D6lAv-WL7RD_ObAv0OOx7IxAetq3PaM-ico3zkjebQZXkSNEbXdFA,applying transparency,5,5,"(1, 0, 0)",3,"(1, 0, 0)"
118-1-gp:AOqpTOH27CET-gU3163Fj8kuExCKpLAt8D6lAv-WL7RD_ObAv0OOx7IxAetq3PaM-ico3zkjebQZXkSNEbXdFA,color fill tool,5,5,"(1, 0, 0)",3,"(1, 0, 0)"
118-2-gp:AOqpTOH27CET-gU3163Fj8kuExCKpLAt8D6lAv-WL7RD_ObAv0OOx7IxAetq3PaM-ico3zkjebQZXkSNEbXdFA,applying a color,5,5,"(1, 0, 0)",3,"(1, 0, 0)"
118-3-gp:AOqpTOH27CET-gU3163Fj8kuExCKpLAt8D6lAv-WL7RD_ObAv0OOx7IxAetq3PaM-ico3zkjebQZXkSNEbXdFA,select transparent on colors,5,5,"(1, 0, 0)",3,"(1, 0, 0)"
120-0-gp:AOqpTOFrIqCFWDGwBysKZ1T6vEeEYYu0H_cCvS06ScA-hktDd087SbPb_7hNejQRCMI72w8UW7aB9RJSx0mE_Q,available font,5,5,"(1, 0, 0)",3,"(1, 0, 0)"
121-0-gp:AOqpTOFrIqCFWDGwBysKZ1T6vEeEYYu0H_cCvS06ScA-hktDd087SbPb_7hNejQRCMI72w8UW7aB9RJSx0mE_Q,gauging smaller sizes,5,5,"(1, 0, 0)",3,"(1, 0, 0)"
124-0-gp:AOqpTOG2v-S9MapAqWBUFA1bPOZRWHwqTUm_W-kIFJeYxdrY15WMZFO6-B5fK4XLxJaGQrkNsZlPlqdcoWTOVQ,rendering useless,5,2,"(1, 0, 0)",1,"(1, 0, 0)"
132-0-gp:AOqpTOEH6TPeW4y3MKoMhu1S9mvg8iyVVymOTrB7vYBnSL1vBtDpgyAcrHYA_nv9Oh90-W_LxtWBTHDhAq0JXA,paint bucket,5,1,"(1, 0, 0)",1,"(1, 0, 0)"
139-0-gp:AOqpTOEH4KL5RMpsOwJQetbyYviIHjQFtkSkbEIYEMnwuJEaeKrASe17cYimnWNAZ66guF7kdDakVusjjCk7dg,edit small things,5,4,"(1, 0, 0)",2,"(1, 0, 0)"
147-0-gp:AOqpTOEgtfwbkwFHS62HUuyf6ygMTEJWo2KWh-PT7kEsfmcqXlQiKfvYiGpwLppDqzBQu6iC_7WNVa7PjLTQZg,low resolution,5,1,"(1, 0, 0)",1,"(1, 0, 0)"
177-0-gp:AOqpTOGvbBjIqyegoopiAy07XEkKsVeP1kO9ytLHCVU0jd0pZQp7V-e_B_B_t-8fR_wN5-aS8zodTC7bm081HA,edit photos of gacha,5,5,"(1, 0, 0)",3,"(1, 0, 0)"
182-0-gp:AOqpTOH7roIjlvnS58YmPa-hAOyxI6wi3UsdYGggjYcaryCKrpDPHRz2FVXvZailOQJ8kWzQUJelTc4_szQciA,user interface,5,5,"(3, 0, 0)",3,"(2, 0, 0)"
182-1-gp:AOqpTOH7roIjlvnS58YmPa-hAOyxI6wi3UsdYGggjYcaryCKrpDPHRz2FVXvZailOQJ8kWzQUJelTc4_szQciA,add graph,5,5,"(3, 0, 0)",3,"(2, 0, 0)"
182-2-gp:AOqpTOH7roIjlvnS58YmPa-hAOyxI6wi3UsdYGggjYcaryCKrpDPHRz2FVXvZailOQJ8kWzQUJelTc4_szQciA,add pen tool,5,5,"(3, 0, 0)",3,"(2, 0, 0)"
191-0-gp:AOqpTOERCqVHrNyjW8bwmVEF_BoorC0IG3o_0lP5VAp7zBL0POGZepEglueeZy0n-R_T2I9iWRKCt6Tp4jZ-FQ,satisfy my experience,5,5,"(1, 0, 0)",3,"(1, 0, 0)"
191-1-gp:AOqpTOERCqVHrNyjW8bwmVEF_BoorC0IG3o_0lP5VAp7zBL0POGZepEglueeZy0n-R_T2I9iWRKCt6Tp4jZ-FQ,picky guy,5,5,"(1, 0, 0)",3,"(1, 0, 0)"
194-0-gp:AOqpTOFI6wAxFDT85_TUJpTgLHw2lo0hq6FpeySMGm9QHlPocaTolyEm-ADNV3wtdT0oNhikuD7EhRR3yx6esw,image edition,5,5,"(1, 0, 0)",3,"(1, 0, 0)"
194-1-gp:AOqpTOFI6wAxFDT85_TUJpTgLHw2lo0hq6FpeySMGm9QHlPocaTolyEm-ADNV3wtdT0oNhikuD7EhRR3yx6esw,free and powerful,5,5,"(1, 0, 0)",3,"(1, 0, 0)"
196-0-gp:AOqpTOEkueAZbCOLzBasoAZ48qnbWQh_5QSFnoZoJvOBGw3WGZ49Y9fUYMNN6WREO7EKBmsm_6BcpRjT6gHmWg,takes little time,5,5,"(1, 0, 0)",3,"(1, 0, 0)"
201-1-gp:AOqpTOFwXcGu0zXJz5Ap7jHNvWpzoXdyChR7ZLyVmIszYnj2mhaCH1ciK9L4yyJgeMG48oKylT-4p8yXDUjdGA,lowers resolution,5,2,"(1, 0, 0)",1,"(1, 0, 0)"
212-0-gp:AOqpTOF99nPOaNQoxjFR3PtT7bHyxqvH229SfP5lN2UD9uU7xDCQ0z9Iqs9mAl05fiJ1xORUJsIutLrl6s8vPw,selection tool,5,1,"(1, 0, 0)",1,"(1, 0, 0)"
215-1-gp:AOqpTOERHBnXagHuj4-mPSQeE6ZNIcwp0sb0OZQhkQDwGnX_QuMpa_EfZIw91teJHZxLimN1Zl0d_6p7vn--pw,outline an addition,5,5,"(1, 0, 0)",3,"(1, 0, 0)"
227-0-gp:AOqpTOE2oVlYIabFDzr4qlE8DzqokneHa632UE-8XU84CB-XJnu4DD9xM9IQVxMeZjtaj87OJOwFykjMiNkBUg,precise pixel editing,5,5,"(1, 0, 0)",3,"(1, 0, 0)"
242-0-gp:AOqpTOF1WVpDxAiV2icoE786Np9yERkJ_DuM4HrryKnoWKZCmsYdvxJb2YjLbygz9K6jy4-UrFW0zk_fvmJ3rA,put titles,5,5,"(1, 0, 0)",3,"(1, 0, 0)"
242-1-gp:AOqpTOF1WVpDxAiV2icoE786Np9yERkJ_DuM4HrryKnoWKZCmsYdvxJb2YjLbygz9K6jy4-UrFW0zk_fvmJ3rA,chat thing,5,5,"(1, 0, 0)",3,"(1, 0, 0)"
247-0-gp:AOqpTOHL1GhABZErgI_2Ptss8IeUlMCuL45p9ZDGstPW1ro1CKWbRkzl6O4xgSu9WmKFbr9wUmQl5lsebKta7g,infinite painter,5,1,"(1, 0, 0)",1,"(1, 0, 0)"
266-0-gp:AOqpTOHQRHRPTUJFCbwxnwnQPX0B2zhdXyLA3nRqz6v6juMk1zM2a_97fpJ4Sgo2QmCqV3KK8N87jyrD1rKxcg,change width,5,1,"(1, 0, 0)",1,"(1, 0, 0)"
296-0-gp:AOqpTOEAXq0KUE1_CoOJ8ftOtMMWXF1qpt59JgQ8rODbqXK4bBiegBjWoVrKzsbf471gSyDUsxjHheTc77Dk3w,wide range,5,3,"(3, 0, 0)",2,"(2, 0, 0)"
296-1-gp:AOqpTOEAXq0KUE1_CoOJ8ftOtMMWXF1qpt59JgQ8rODbqXK4bBiegBjWoVrKzsbf471gSyDUsxjHheTc77Dk3w,friendliness range,5,3,"(3, 0, 0)",2,"(2, 0, 0)"
302-0-gp:AOqpTOEwUJm068mY35o6KrGi3CUubb1ntBU_q86WpRyMbZkong_NabyAKsNBMARun3WKmPXUh1avjUcF13Q0Mg,specify canvas size,5,3,"(1, 0, 0)",2,"(1, 0, 0)"
302-1-gp:AOqpTOEwUJm068mY35o6KrGi3CUubb1ntBU_q86WpRyMbZkong_NabyAKsNBMARun3WKmPXUh1avjUcF13Q0Mg,output resolution,5,3,"(1, 0, 0)",2,"(1, 0, 0)"
302-2-gp:AOqpTOEwUJm068mY35o6KrGi3CUubb1ntBU_q86WpRyMbZkong_NabyAKsNBMARun3WKmPXUh1avjUcF13Q0Mg,new image option,5,3,"(1, 0, 0)",2,"(1, 0, 0)"
302-3-gp:AOqpTOEwUJm068mY35o6KrGi3CUubb1ntBU_q86WpRyMbZkong_NabyAKsNBMARun3WKmPXUh1avjUcF13Q0Mg,lower resolution,5,3,"(1, 0, 0)",2,"(1, 0, 0)"
303-0-gp:AOqpTOEwUJm068mY35o6KrGi3CUubb1ntBU_q86WpRyMbZkong_NabyAKsNBMARun3WKmPXUh1avjUcF13Q0Mg,zoom tool,5,3,"(1, 0, 0)",2,"(1, 0, 0)"
303-1-gp:AOqpTOEwUJm068mY35o6KrGi3CUubb1ntBU_q86WpRyMbZkong_NabyAKsNBMARun3WKmPXUh1avjUcF13Q0Mg,dedicated pan,5,3,"(1, 0, 0)",2,"(1, 0, 0)"
304-0-gp:AOqpTOEwUJm068mY35o6KrGi3CUubb1ntBU_q86WpRyMbZkong_NabyAKsNBMARun3WKmPXUh1avjUcF13Q0Mg,reflect chosen colour,5,3,"(1, 0, 0)",2,"(1, 0, 0)"
304-1-gp:AOqpTOEwUJm068mY35o6KrGi3CUubb1ntBU_q86WpRyMbZkong_NabyAKsNBMARun3WKmPXUh1avjUcF13Q0Mg,colour picker,5,3,"(1, 0, 0)",2,"(1, 0, 0)"
306-0-gp:AOqpTOEwUJm068mY35o6KrGi3CUubb1ntBU_q86WpRyMbZkong_NabyAKsNBMARun3WKmPXUh1avjUcF13Q0Mg,ui design,5,3,"(1, 0, 0)",2,"(1, 0, 0)"
317-0-gp:AOqpTOEbH6rIyNr2onedLQWfc6PB2AD5jXVKUqhwXUFbWA1hRxq5IWKXPj01uuW2GKwp7uHJxipjJmhbzgWiSQ,see every pixel,5,4,"(1, 0, 0)",2,"(1, 0, 0)"
329-0-gp:AOqpTOGEattYltrnH7XF2RsV6kf_xltAyG0IRxAd3rYRKR2tRrGhA2u1RdryfZ0aJsN-7P2HInillaZX_oIrTQ,straight line,5,5,"(1, 0, 0)",3,"(1, 0, 0)"
329-1-gp:AOqpTOGEattYltrnH7XF2RsV6kf_xltAyG0IRxAd3rYRKR2tRrGhA2u1RdryfZ0aJsN-7P2HInillaZX_oIrTQ,color picker,5,5,"(1, 0, 0)",3,"(1, 0, 0)"
329-2-gp:AOqpTOGEattYltrnH7XF2RsV6kf_xltAyG0IRxAd3rYRKR2tRrGhA2u1RdryfZ0aJsN-7P2HInillaZX_oIrTQ,drawing tools like brush,5,5,"(1, 0, 0)",3,"(1, 0, 0)"
329-3-gp:AOqpTOGEattYltrnH7XF2RsV6kf_xltAyG0IRxAd3rYRKR2tRrGhA2u1RdryfZ0aJsN-7P2HInillaZX_oIrTQ,fill color,5,5,"(1, 0, 0)",3,"(1, 0, 0)"
347-0-gp:AOqpTOGyygYIn9F8S_dOePLHRrrzovxre6s41lEp5_BYGPyJnif1_7jGykFzGw2yWQvTh3Mo6jm15boo7lWCrA,single pixels,5,5,"(2, 0, 0)",3,"(1, 0, 0)"
347-1-gp:AOqpTOGyygYIn9F8S_dOePLHRrrzovxre6s41lEp5_BYGPyJnif1_7jGykFzGw2yWQvTh3Mo6jm15boo7lWCrA,single brush,5,5,"(2, 0, 0)",3,"(1, 0, 0)"
348-0-gp:AOqpTOGyygYIn9F8S_dOePLHRrrzovxre6s41lEp5_BYGPyJnif1_7jGykFzGw2yWQvTh3Mo6jm15boo7lWCrA,load pictures,5,5,"(2, 0, 0)",3,"(1, 0, 0)"
349-0-gp:AOqpTOGyygYIn9F8S_dOePLHRrrzovxre6s41lEp5_BYGPyJnif1_7jGykFzGw2yWQvTh3Mo6jm15boo7lWCrA,larger canvas,5,5,"(2, 0, 0)",3,"(1, 0, 0)"
352-0-gp:AOqpTOGyygYIn9F8S_dOePLHRrrzovxre6s41lEp5_BYGPyJnif1_7jGykFzGw2yWQvTh3Mo6jm15boo7lWCrA,basic animation package,5,5,"(2, 0, 0)",3,"(1, 0, 0)"
352-1-gp:AOqpTOGyygYIn9F8S_dOePLHRrrzovxre6s41lEp5_BYGPyJnif1_7jGykFzGw2yWQvTh3Mo6jm15boo7lWCrA,small basic animation,5,5,"(2, 0, 0)",3,"(1, 0, 0)"
357-0-gp:AOqpTOHVacP791jOmRW1pvGf71tqTklq0PNoGkixVXE0bEsSwy94K9JVosSbudy7_jpR-91a-mEgDXoWr7CoBw,more layers,5,5,"(1, 0, 0)",3,"(1, 0, 0)"
357-1-gp:AOqpTOHVacP791jOmRW1pvGf71tqTklq0PNoGkixVXE0bEsSwy94K9JVosSbudy7_jpR-91a-mEgDXoWr7CoBw,full screen,5,5,"(1, 0, 0)",3,"(1, 0, 0)"
358-0-gp:AOqpTOHVacP791jOmRW1pvGf71tqTklq0PNoGkixVXE0bEsSwy94K9JVosSbudy7_jpR-91a-mEgDXoWr7CoBw,marking options,5,5,"(1, 0, 0)",3,"(1, 0, 0)"
372-0-gp:AOqpTOGkjrEf274RLCUIitpB8mVxPC15gc5_phIB1in7mL_xmk6Fz26CAZYtFwadePilz-NCLZqE_gs6usW0rA,clone tool,5,2,"(1, 0, 0)",1,"(1, 0, 0)"
377-0-gp:AOqpTOHXKX6ePt75uN6ETbEwm0MMzTgF7gKRefEBfevdCyaWvM7gMPFYsMokMdZF9s8erNWhvTNx5GK4R_ftRA,liked line tool,5,3,"(1, 0, 0)",2,"(1, 0, 0)"
377-1-gp:AOqpTOHXKX6ePt75uN6ETbEwm0MMzTgF7gKRefEBfevdCyaWvM7gMPFYsMokMdZF9s8erNWhvTNx5GK4R_ftRA,rectangle stamp,5,3,"(1, 0, 0)",2,"(1, 0, 0)"
377-2-gp:AOqpTOHXKX6ePt75uN6ETbEwm0MMzTgF7gKRefEBfevdCyaWvM7gMPFYsMokMdZF9s8erNWhvTNx5GK4R_ftRA,drive insane,5,3,"(1, 0, 0)",2,"(1, 0, 0)"
377-3-gp:AOqpTOHXKX6ePt75uN6ETbEwm0MMzTgF7gKRefEBfevdCyaWvM7gMPFYsMokMdZF9s8erNWhvTNx5GK4R_ftRA,see this drive,5,3,"(1, 0, 0)",2,"(1, 0, 0)"
377-4-gp:AOqpTOHXKX6ePt75uN6ETbEwm0MMzTgF7gKRefEBfevdCyaWvM7gMPFYsMokMdZF9s8erNWhvTNx5GK4R_ftRA,auto zoom kills,5,3,"(1, 0, 0)",2,"(1, 0, 0)"
378-0-gp:AOqpTOHeGif7afOWPG4iziPmheZh75WSAk-BeXHm3H9k40rT_Tx3JM_ak9O_MON_ewKVNmPwaMIMuUv1aaHZ9A,go hang,5,1,"(1, 0, 0)",1,"(1, 0, 0)"
381-0-gp:AOqpTOEPrhIS7H6BPS2M_1a1Qi_J8yAif5xzPsZVkka_CogfbElLneLRWAppRt4bukglnIlo26BGMxNuLy09qQ,good art,5,5,"(1, 0, 0)",3,"(1, 0, 0)"
385-0-gp:AOqpTOE0-mb9YE9UbGj2iEjT5vXBjwWb9USTzMaS93YFBmDRFkD1daur-rJ00fP7JQ2qq39MCJncArbIl-DnHQ,new update sucks,5,4,"(1, 0, 0)",2,"(1, 0, 0)"
408-0-gp:AOqpTOGmOUd9T2xxLTtfbzS_3y0ExkXzdZbd601eXPcHmOjaKs-C-XbhR4qg6OH-yP-et2FNQ5UaVmkqNujPUQ,move text,5,1,"(1, 0, 0)",1,"(1, 0, 0)"
408-1-gp:AOqpTOGmOUd9T2xxLTtfbzS_3y0ExkXzdZbd601eXPcHmOjaKs-C-XbhR4qg6OH-yP-et2FNQ5UaVmkqNujPUQ,type text,5,1,"(1, 0, 0)",1,"(1, 0, 0)"
416-0-gp:AOqpTOF3zdtEtpY9J7zdhp3Gn7pDm3At0P46bT3ffnF03Vo7jfFc22WA0doZgwobz6miTPKx0Sx8bZHrfxFxrw,version ads,5,5,"(1, 0, 0)",3,"(1, 0, 0)"
416-1-gp:AOqpTOF3zdtEtpY9J7zdhp3Gn7pDm3At0P46bT3ffnF03Vo7jfFc22WA0doZgwobz6miTPKx0Sx8bZHrfxFxrw,soulless ads,5,5,"(1, 0, 0)",3,"(1, 0, 0)"
420-0-gp:AOqpTOF8AtU-Pw3xChKWrqqbpvNWRY8LFuqIQFgwQx1p22FwHR1btTb8s1VzAiCLLw5_Ros4vCKwZp_yY2SClg,paths brushes,5,3,"(2, 0, 0)",2,"(1, 0, 0)"
420-1-gp:AOqpTOF8AtU-Pw3xChKWrqqbpvNWRY8LFuqIQFgwQx1p22FwHR1btTb8s1VzAiCLLw5_Ros4vCKwZp_yY2SClg,dynamic brushes,5,3,"(2, 0, 0)",2,"(1, 0, 0)"
427-0-gp:AOqpTOFdvqhwfo7ezGD_YYGvVBOMatmpQc83CKfQytXDnjQ90WinxguAqOdSXrMUOJFGutWbTZ7Uh_AVZ7lPow,intuitive layout,5,4,"(1, 0, 0)",2,"(1, 0, 0)"
429-0-gp:AOqpTOFdvqhwfo7ezGD_YYGvVBOMatmpQc83CKfQytXDnjQ90WinxguAqOdSXrMUOJFGutWbTZ7Uh_AVZ7lPow,crop edge,5,4,"(1, 0, 0)",2,"(1, 0, 0)"
429-1-gp:AOqpTOFdvqhwfo7ezGD_YYGvVBOMatmpQc83CKfQytXDnjQ90WinxguAqOdSXrMUOJFGutWbTZ7Uh_AVZ7lPow,white worked,5,4,"(1, 0, 0)",2,"(1, 0, 0)"
429-3-gp:AOqpTOFdvqhwfo7ezGD_YYGvVBOMatmpQc83CKfQytXDnjQ90WinxguAqOdSXrMUOJFGutWbTZ7Uh_AVZ7lPow,paint file,5,4,"(1, 0, 0)",2,"(1, 0, 0)"
433-0-gp:AOqpTOHFYCCZZFlwit1joh3c8s8mI6feX2xzSJj0pEWZ8ZlafSFcyxV3DME5B_r0qFBYQYf-gr92DmqwclF9zA,toggle move option,5,2,"(1, 0, 0)",1,"(1, 0, 0)"
433-1-gp:AOqpTOHFYCCZZFlwit1joh3c8s8mI6feX2xzSJj0pEWZ8ZlafSFcyxV3DME5B_r0qFBYQYf-gr92DmqwclF9zA,ground color change,5,2,"(1, 0, 0)",1,"(1, 0, 0)"
441-0-gp:AOqpTOGcoeqKyVs1LoVb4LcuEy5FocdTGxZv12jGfUe41bp5rlu2eUE_BaUXBWxu0v6CN_7cnho1xKMDCN5eFA,simple area selection,5,2,"(1, 0, 0)",1,"(1, 0, 0)"
445-0-gp:AOqpTOHA2GxUo9d0wW3OM8q7zDhtaviEloPoR5zj9TEc8SJ_mPiXJcgbyBNcJLtwXcwon3l65R2adhCA20_Qjg,brush canvas,5,5,"(1, 0, 0)",3,"(1, 0, 0)"
445-1-gp:AOqpTOHA2GxUo9d0wW3OM8q7zDhtaviEloPoR5zj9TEc8SJ_mPiXJcgbyBNcJLtwXcwon3l65R2adhCA20_Qjg,air canvas,5,5,"(1, 0, 0)",3,"(1, 0, 0)"
445-2-gp:AOqpTOHA2GxUo9d0wW3OM8q7zDhtaviEloPoR5zj9TEc8SJ_mPiXJcgbyBNcJLtwXcwon3l65R2adhCA20_Qjg,air brush,5,5,"(1, 0, 0)",3,"(1, 0, 0)"
447-0-gp:AOqpTOFMeAHTkHV7DG_L2C2w3lDw6PoSiUSjqYj2vwUsYJ6PxYrrRAExsVTEo5trejOVd85fONUzukYRBPh-PQ,circle tools,5,4,"(1, 0, 0)",2,"(1, 0, 0)"
449-0-gp:AOqpTOE70BGQYK1XNjNipSSwzgctGw3h6vCSMJo3Vr59KWjkIHZbYMMD8ygwMEf1mg0tWT1-sxllUdqE1zthLQ,drawing tool for kids,5,5,"(1, 0, 0)",3,"(1, 0, 0)"
452-0-gp:AOqpTOGZTSum_0ALcMXy37SKrHKPYNY1tLvYCT9oQtGmbpNVFuSF-XxE4WW_53ZTfRaRPXOEQdzYxPtF-Xrk9w,line tools,5,5,"(1, 0, 0)",3,"(1, 0, 0)"
452-1-gp:AOqpTOGZTSum_0ALcMXy37SKrHKPYNY1tLvYCT9oQtGmbpNVFuSF-XxE4WW_53ZTfRaRPXOEQdzYxPtF-Xrk9w,colour fill option,5,5,"(1, 0, 0)",3,"(1, 0, 0)"
452-2-gp:AOqpTOGZTSum_0ALcMXy37SKrHKPYNY1tLvYCT9oQtGmbpNVFuSF-XxE4WW_53ZTfRaRPXOEQdzYxPtF-Xrk9w,circle draw,5,5,"(1, 0, 0)",3,"(1, 0, 0)"
456-0-gp:AOqpTOG_R-wuQI6-5ud1ORCtkvs6dGAylCQeSXw5pN5uZpb480GTGJrtMCE6YauOuDZWjeJEg_E58CaMWzsoSQ,find a place,5,4,"(1, 0, 0)",2,"(1, 0, 0)"
456-1-gp:AOqpTOG_R-wuQI6-5ud1ORCtkvs6dGAylCQeSXw5pN5uZpb480GTGJrtMCE6YauOuDZWjeJEg_E58CaMWzsoSQ,favourite colours,5,4,"(1, 0, 0)",2,"(1, 0, 0)"
456-2-gp:AOqpTOG_R-wuQI6-5ud1ORCtkvs6dGAylCQeSXw5pN5uZpb480GTGJrtMCE6YauOuDZWjeJEg_E58CaMWzsoSQ,save your favourite,5,4,"(1, 0, 0)",2,"(1, 0, 0)"
463-0-gp:AOqpTOEHz9IDxUwj0FAKBn8geBnR-DQV-ENdYcBAeVi4rlOtKsuNUoS4kCrC82qjQMh5yQpBgNcnh9iee_t4eA,dank prince,5,5,"(1, 0, 0)",3,"(1, 0, 0)"
483-0-gp:AOqpTOFMrcdk5GS4GicYry31vJsp7Kut3lA8U3kbH_IITLvR5ROgkJeekBkEiRD5LF26EPLhiphD8rW6DdboUA,tool with lines,5,3,"(1, 0, 0)",2,"(1, 0, 0)"
486-0-gp:AOqpTOGmZ9UcPKL3Qysj6X0oaGVBtfeg64AtSqgzy7CCgjknenhycD8KRok05Ry_EtvioAWcskFUzgPNioek3A,copy paste,5,3,"(1, 0, 0)",2,"(1, 0, 0)"
490-0-gp:AOqpTOEPtGw4IDE7MUVSpvyo7JDkBoEm-BqEH4y2A0mWsm1NmClTvx9WOaJAWC2gbzq1VhUYYW-F2OL2TmiD8g,code to games,5,5,"(1, 0, 0)",3,"(1, 0, 0)"
529-0-gp:AOqpTOH_jHxbaZzESVI3UtZRuy3i9LckAb0mT3x1YZT1uJmXuA2THEz1ko1igA6CrZwAKo0U8C_BaYZFxql0-Q,basic components,5,5,"(1, 0, 0)",3,"(1, 0, 0)"
547-0-gp:AOqpTOGrvpEEgSsvqk_FY_DHke7fdzLrHGxyNybD_DS3sxcGc9ygiSnIwn1EtCT-DLHWUjKN6bbjfAZvELuR4w,create pictures,5,5,"(2, 0, 0)",3,"(1, 0, 0)"
547-2-gp:AOqpTOGrvpEEgSsvqk_FY_DHke7fdzLrHGxyNybD_DS3sxcGc9ygiSnIwn1EtCT-DLHWUjKN6bbjfAZvELuR4w,pictures with transparency,5,5,"(2, 0, 0)",3,"(1, 0, 0)"
552-0-gp:AOqpTOHi1YBRkjO7iOP1V3bfqi5tTO2sAgzpQ29dY5xtAO-YQTUySjX2Fo8up5raLKpcoWsMJB2N0mo6oswB6w,text insert,5,3,"(2, 0, 0)",2,"(1, 0, 0)"
563-0-gp:AOqpTOGiRJswLB2se3G-K7kSRe3VANgC-AzhJnMjIrwnL2QGLjxyRPlaF_Z1ISFplxusko9iknINsv1Bu1T4lg,missing text insert,5,5,"(1, 0, 0)",3,"(1, 0, 0)"
608-0-gp:AOqpTOEbHhczna0WeQcWBr2qZ-85E52kHVN3gCfpmdos5BH9Pjoc-8eRGMh4j4MoBpRqb1K-AwOUGwV5TEcJWA,shrinks image size,5,3,"(1, 0, 0)",2,"(1, 0, 0)"
611-0-gp:AOqpTOEbHhczna0WeQcWBr2qZ-85E52kHVN3gCfpmdos5BH9Pjoc-8eRGMh4j4MoBpRqb1K-AwOUGwV5TEcJWA,creating a option,5,3,"(1, 0, 0)",2,"(1, 0, 0)"
617-0-gp:AOqpTOErqYJW15GKoDWQFUho89TPsAkNJWfkG9bTTmKHPUu_gWFaMnqcBuKX7yXDUhw-C19G0zKpvjeX_O1fKw,large image,5,4,"(1, 0, 0)",2,"(1, 0, 0)"
618-0-gp:AOqpTOErqYJW15GKoDWQFUho89TPsAkNJWfkG9bTTmKHPUu_gWFaMnqcBuKX7yXDUhw-C19G0zKpvjeX_O1fKw,get bigger size,5,4,"(1, 0, 0)",2,"(1, 0, 0)"
618-1-gp:AOqpTOErqYJW15GKoDWQFUho89TPsAkNJWfkG9bTTmKHPUu_gWFaMnqcBuKX7yXDUhw-C19G0zKpvjeX_O1fKw,resize pictures,5,4,"(1, 0, 0)",2,"(1, 0, 0)"
623-0-gp:AOqpTOFGY_WMzXhqMZNHml3IeB-DCvh5aWL47rrGGQVVIevbDkjhYO6maVDLPP0wjAW_7quB3Pa-VOnhE7biug,future a necessity,5,5,"(1, 0, 0)",3,"(1, 0, 0)"
626-1-gp:AOqpTOH1NKcHenz60RBPu20d_kNxMr7zgMaOzPfnvjzvfTapyKAdHtycCSlwugPrSEPQuMtpd61YMthXEPhfQA,pocket paint,5,2,"(1, 0, 0)",1,"(1, 0, 0)"
636-0-gp:AOqpTOFkaYM93HqbngC9xEQrgdQ1q5MEW6rWY8F8Yam9PxW59vhWyhAmSN4YK-c1KqtCVEphWV5HBRTm8X3sWw,offence to creators,5,1,"(1, 0, 0)",1,"(1, 0, 0)"
664-0-gp:AOqpTOHSh_3E6VpgSLKmqbgkwA49HOk8Nqoit4vrPcLtid5BLBU8FUKeRAdN-fIdLr8kEgeLkZmsQ4BeWHX6qg,text input option,5,4,"(1, 0, 0)",2,"(1, 0, 0)"
668-0-gp:AOqpTOH0PUH0eMIfdn_tjeP47Oem0Mx2uUVPou8uovqqErb0GMP8t-RFBajlfv9z9ljgq4Z6yQDtdehIPH3I5A,colour shades,5,3,"(1, 0, 0)",2,"(1, 0, 0)"
677-0-gp:AOqpTOF6eQxursO0MnnXFqDFRVlagR5qYy2rZ3CbelDK_pEuGyi8Z78R2hmhXgfp3utIIXuXpJ6RNdNIZpRmJA,image editing,5,5,"(1, 0, 0)",3,"(1, 0, 0)"
677-1-gp:AOqpTOF6eQxursO0MnnXFqDFRVlagR5qYy2rZ3CbelDK_pEuGyi8Z78R2hmhXgfp3utIIXuXpJ6RNdNIZpRmJA,manipulator programs,5,5,"(1, 0, 0)",3,"(1, 0, 0)"
680-0-gp:AOqpTOF6eQxursO0MnnXFqDFRVlagR5qYy2rZ3CbelDK_pEuGyi8Z78R2hmhXgfp3utIIXuXpJ6RNdNIZpRmJA,lacks gradient colouring,5,5,"(1, 0, 0)",3,"(1, 0, 0)"
680-1-gp:AOqpTOF6eQxursO0MnnXFqDFRVlagR5qYy2rZ3CbelDK_pEuGyi8Z78R2hmhXgfp3utIIXuXpJ6RNdNIZpRmJA,text to pictures,5,5,"(1, 0, 0)",3,"(1, 0, 0)"
680-2-gp:AOqpTOF6eQxursO0MnnXFqDFRVlagR5qYy2rZ3CbelDK_pEuGyi8Z78R2hmhXgfp3utIIXuXpJ6RNdNIZpRmJA,adding text,5,5,"(1, 0, 0)",3,"(1, 0, 0)"
683-0-gp:AOqpTOGgXzWv_Juq4o9eEZEHiYugtWaBsLfyhbs_sNS0_29O5zsCwRVdPsGKlB3NrYB0PPFGHyEoNBtfWL-frA,respect landscape orientation,5,5,"(1, 0, 0)",3,"(1, 0, 0)"
684-1-gp:AOqpTOGgXzWv_Juq4o9eEZEHiYugtWaBsLfyhbs_sNS0_29O5zsCwRVdPsGKlB3NrYB0PPFGHyEoNBtfWL-frA,landscape mode,5,5,"(1, 0, 0)",3,"(1, 0, 0)"
697-0-gp:AOqpTOGOnMTu8dRrCsF2rcHcmIv7oWQby9796ICc-svNTZJT3U9RUfh8bpfc6obmq3r0UsjD626tsdyn-XXFXQ,negative stars,5,1,"(1, 0, 0)",1,"(1, 0, 0)"
702-0-gp:AOqpTOHC2L55ImSKoYhq-AXN1qA7WZmjzqGwBiza6YJeSc5qI7FThRfVvuxXAIbujRd5kxAdWJC4PynmfJBztQ,screen shots,5,5,"(1, 0, 0)",3,"(1, 0, 0)"
702-1-gp:AOqpTOHC2L55ImSKoYhq-AXN1qA7WZmjzqGwBiza6YJeSc5qI7FThRfVvuxXAIbujRd5kxAdWJC4PynmfJBztQ,pictures shots,5,5,"(1, 0, 0)",3,"(1, 0, 0)"
703-0-gp:AOqpTOHC2L55ImSKoYhq-AXN1qA7WZmjzqGwBiza6YJeSc5qI7FThRfVvuxXAIbujRd5kxAdWJC4PynmfJBztQ,multi touch interface,5,5,"(1, 0, 0)",3,"(1, 0, 0)"
714-0-gp:AOqpTOH374I0YScwDV8Vjgmwrv8jHN7BmQIpYuMhzxVgPcBpeIBqA0xTKyLmbv76mBvMH0zdn978vA8eTzMT5A,see a grid,5,4,"(1, 0, 0)",2,"(1, 0, 0)"
720-0-gp:AOqpTOHnlj-9t1eDVAp_XrTMUGlqDnJEjIFcVx-uVs1VWfN4kYCJ7GmCanzyuXwnaibUkrsc6a2r-EwPuYSKNA,add a blur,5,4,"(1, 0, 0)",2,"(1, 0, 0)"
720-1-gp:AOqpTOHnlj-9t1eDVAp_XrTMUGlqDnJEjIFcVx-uVs1VWfN4kYCJ7GmCanzyuXwnaibUkrsc6a2r-EwPuYSKNA,blur tool,5,4,"(1, 0, 0)",2,"(1, 0, 0)"
728-0-gp:AOqpTOE0Qb0Yvl64iE21j57XEuL9JQiSF7hrHyWhdsDDBFfiDePzkVmnNQBUsKEoMWLq-DOlyC-F-eZ2zSndjw,more shapes,5,5,"(2, 0, 0)",3,"(1, 0, 0)"
728-1-gp:AOqpTOE0Qb0Yvl64iE21j57XEuL9JQiSF7hrHyWhdsDDBFfiDePzkVmnNQBUsKEoMWLq-DOlyC-F-eZ2zSndjw,line shapes,5,4,"(1, 0, 0)",2,"(1, 0, 0)"
735-0-gp:AOqpTOGlIbTNVOvk8QTtEM-3FrECR-dYKLe5iOHn0CkEsNoQTAUJvqxruVrr476SKMp7i5m83ox11lL6Tstiuw,converting photos from mb,5,5,"(1, 0, 0)",3,"(1, 0, 0)"
744-0-gp:AOqpTOE7RsSShAr64AuqHkLndGP6zXzgsLeNOP39h_NWP9kp4xcqMQBfidOxrbCmreDOW_py4gBNWKMBnDm2vQ,color drawings,5,3,"(1, 0, 0)",2,"(1, 0, 0)"
745-0-gp:AOqpTOE7RsSShAr64AuqHkLndGP6zXzgsLeNOP39h_NWP9kp4xcqMQBfidOxrbCmreDOW_py4gBNWKMBnDm2vQ,serious lags,5,3,"(1, 0, 0)",2,"(1, 0, 0)"
751-0-gp:AOqpTOGRAZ7SIMR5LRT0J-KqWyD_N1bm3-TFAUyuE0wjhSbhcp4p810wVMcXt9J4cur4bwN2lGcNIyBr6Ma0MQ,create graphics,5,5,"(1, 0, 0)",3,"(1, 0, 0)"
751-1-gp:AOqpTOGRAZ7SIMR5LRT0J-KqWyD_N1bm3-TFAUyuE0wjhSbhcp4p810wVMcXt9J4cur4bwN2lGcNIyBr6Ma0MQ,many opportunities,5,5,"(1, 0, 0)",3,"(1, 0, 0)"
752-0-gp:AOqpTOGZX262igP80_4Q_fzxUCQy_QJOjyEab_nCjSUUFDNuutkO6HXLhf28adEiRe4WFIjbhnwLs_FCoD0NOg,fill tools,5,5,"(1, 0, 0)",3,"(1, 0, 0)"
752-1-gp:AOqpTOGZX262igP80_4Q_fzxUCQy_QJOjyEab_nCjSUUFDNuutkO6HXLhf28adEiRe4WFIjbhnwLs_FCoD0NOg,liked line,5,5,"(1, 0, 0)",3,"(1, 0, 0)"
761-0-gp:AOqpTOHwC53aPerpMKCznDhIVoHIs0dqLBQJIa28_q74P-grfYiaoG4hVwT4qmthnecL2fsejMOTuIKKkSbpSA,rotation controls,5,1,"(1, 0, 0)",1,"(1, 0, 0)"
761-1-gp:AOqpTOHwC53aPerpMKCznDhIVoHIs0dqLBQJIa28_q74P-grfYiaoG4hVwT4qmthnecL2fsejMOTuIKKkSbpSA,fills entire canvas,5,1,"(1, 0, 0)",1,"(1, 0, 0)"
761-2-gp:AOqpTOHwC53aPerpMKCznDhIVoHIs0dqLBQJIa28_q74P-grfYiaoG4hVwT4qmthnecL2fsejMOTuIKKkSbpSA,fill tool fills,5,1,"(1, 0, 0)",1,"(1, 0, 0)"
761-3-gp:AOqpTOHwC53aPerpMKCznDhIVoHIs0dqLBQJIa28_q74P-grfYiaoG4hVwT4qmthnecL2fsejMOTuIKKkSbpSA,tools abhorrent,5,1,"(1, 0, 0)",1,"(1, 0, 0)"
776-0-gp:AOqpTOHYjeOBQ2gZwZh2zA_m-6_Y5pp4UeRoVLnJ2457fYX5ijWFBYkeFB6ZhygKhvqADb6R_vVR5MjUBtnU0g,code games,5,5,"(1, 0, 0)",3,"(1, 0, 0)"
776-1-gp:AOqpTOHYjeOBQ2gZwZh2zA_m-6_Y5pp4UeRoVLnJ2457fYX5ijWFBYkeFB6ZhygKhvqADb6R_vVR5MjUBtnU0g,invent games,5,5,"(1, 0, 0)",3,"(1, 0, 0)"
785-0-gp:AOqpTOFhtDEsG4b9XU1UUoC11feYTapaMetKetgQ4PeLaXnWZXbBd4tA8muMXr0ntRyJ0pk5LxoaLY_0HfufJg,take small space,5,5,"(1, 0, 0)",3,"(1, 0, 0)"
789-0-gp:AOqpTOHNiGDgnGwW_Zp0daMU68eMqDLL921FCAB5l90A9AfXv7XA6JX-3jZWvlLggP8_zN8tpBOICBXQF4K5dA,android developers,5,5,"(1, 0, 0)",3,"(1, 0, 0)"
790-0-gp:AOqpTOGm64s1OB1o0KoUaV1pOB_60BXX5kk5mkak2uwOX1pODJWWi0QkP-3zI5IyPUdOO_pI4BAcyNY2fJLlQQ,load a large png,5,3,"(1, 0, 0)",2,"(1, 0, 0)"
790-1-gp:AOqpTOGm64s1OB1o0KoUaV1pOB_60BXX5kk5mkak2uwOX1pODJWWi0QkP-3zI5IyPUdOO_pI4BAcyNY2fJLlQQ,xp ms paint,5,3,"(1, 0, 0)",2,"(1, 0, 0)"
790-2-gp:AOqpTOGm64s1OB1o0KoUaV1pOB_60BXX5kk5mkak2uwOX1pODJWWi0QkP-3zI5IyPUdOO_pI4BAcyNY2fJLlQQ,image editor,5,3,"(1, 0, 0)",2,"(1, 0, 0)"
790-3-gp:AOqpTOGm64s1OB1o0KoUaV1pOB_60BXX5kk5mkak2uwOX1pODJWWi0QkP-3zI5IyPUdOO_pI4BAcyNY2fJLlQQ,find an image,5,3,"(1, 0, 0)",2,"(1, 0, 0)"
790-4-gp:AOqpTOGm64s1OB1o0KoUaV1pOB_60BXX5kk5mkak2uwOX1pODJWWi0QkP-3zI5IyPUdOO_pI4BAcyNY2fJLlQQ,simple task windows,5,3,"(1, 0, 0)",2,"(1, 0, 0)"
790-5-gp:AOqpTOGm64s1OB1o0KoUaV1pOB_60BXX5kk5mkak2uwOX1pODJWWi0QkP-3zI5IyPUdOO_pI4BAcyNY2fJLlQQ,file with drop,5,3,"(1, 0, 0)",2,"(1, 0, 0)"
790-6-gp:AOqpTOGm64s1OB1o0KoUaV1pOB_60BXX5kk5mkak2uwOX1pODJWWi0QkP-3zI5IyPUdOO_pI4BAcyNY2fJLlQQ,large png file,5,3,"(1, 0, 0)",2,"(1, 0, 0)"
793-0-gp:AOqpTOGyCif6bzDn8HZA9A-40tLwHaDKCqNHLrx3CzcP2GacVmn2f8Cp5s9Aa_DdJgYaHtZqFI-rgbO2HVdBkQ,magic wand,5,3,"(1, 0, 0)",2,"(1, 0, 0)"
793-1-gp:AOqpTOGyCif6bzDn8HZA9A-40tLwHaDKCqNHLrx3CzcP2GacVmn2f8Cp5s9Aa_DdJgYaHtZqFI-rgbO2HVdBkQ,alpha transparencies,5,3,"(1, 0, 0)",2,"(1, 0, 0)"
793-2-gp:AOqpTOGyCif6bzDn8HZA9A-40tLwHaDKCqNHLrx3CzcP2GacVmn2f8Cp5s9Aa_DdJgYaHtZqFI-rgbO2HVdBkQ,fill with alpha,5,3,"(1, 0, 0)",2,"(1, 0, 0)"
793-3-gp:AOqpTOGyCif6bzDn8HZA9A-40tLwHaDKCqNHLrx3CzcP2GacVmn2f8Cp5s9Aa_DdJgYaHtZqFI-rgbO2HVdBkQ,gradient fill,5,3,"(1, 0, 0)",2,"(1, 0, 0)"
802-0-gp:AOqpTOHSO_v9tvE1lf_wnLPKwVqsjt0VbhveQYK5lhWDuVtK6XfdQWdeQCnRRXKUXvUqJb98Q94WSFuN4p2HgA,good work,5,5,"(1, 0, 0)",3,"(1, 0, 0)"
817-0-gp:AOqpTOGv88qzHdQKb3JqjsWbXLVOGjwmVBytIggeP31EADH8GmX4qUX68aFQG2mceh93Rc6Nl1gPQQy2gxT8cA,color grid,5,1,"(1, 0, 0)",1,"(1, 0, 0)"
817-1-gp:AOqpTOGv88qzHdQKb3JqjsWbXLVOGjwmVBytIggeP31EADH8GmX4qUX68aFQG2mceh93Rc6Nl1gPQQy2gxT8cA,curve tool,5,2,"(1, 0, 0)",1,"(1, 0, 0)"
817-2-gp:AOqpTOGv88qzHdQKb3JqjsWbXLVOGjwmVBytIggeP31EADH8GmX4qUX68aFQG2mceh93Rc6Nl1gPQQy2gxT8cA,ms paint,5,3,"(1, 0, 0)",2,"(1, 0, 0)"
822-0-gp:AOqpTOFVl6dBj82g2uMgYnEne1bCPDgPvE9X9PB_YhA5ihIUCQB68r-_HeLJmoBEGCf0gr_P1oXDVUqSe9mAMQ,resizing entire image,5,2,"(1, 0, 0)",1,"(1, 0, 0)"
822-1-gp:AOqpTOFVl6dBj82g2uMgYnEne1bCPDgPvE9X9PB_YhA5ihIUCQB68r-_HeLJmoBEGCf0gr_P1oXDVUqSe9mAMQ,paste a part,5,2,"(1, 0, 0)",1,"(1, 0, 0)"
832-0-gp:AOqpTOGJwiCmgaY_E4d1vHHMUmBDa01YU20pyTrfRwTPSVJXfyHskPD7pcpewBP2usnaPrxsaI6LKE9y_WmxyQ,think concept,5,2,"(1, 0, 0)",1,"(1, 0, 0)"
834-0-gp:AOqpTOE11wV4JZNDyntMRkXponOAr82S-y365njmRDApvZKvX2ILtnKFpBQffnLEniJx4T8qkWUQMylLkKuTfQ,changed language,5,2,"(1, 0, 0)",1,"(1, 0, 0)"
850-0-gp:AOqpTOFse4Yhcoay_y_-qq8GctjrXV-uAIUPEIWw9A4OOEECtLbUxCWzoJToITY9bxZLZS89G8q4X8tQhbtSdg,pixel art,5,5,"(1, 0, 0)",3,"(1, 0, 0)"
850-1-gp:AOqpTOFse4Yhcoay_y_-qq8GctjrXV-uAIUPEIWw9A4OOEECtLbUxCWzoJToITY9bxZLZS89G8q4X8tQhbtSdg,pocket code,5,5,"(2, 0, 0)",3,"(1, 0, 0)"
870-0-gp:AOqpTOHKbYxDyBD9PgFDqRQp1kFrV7iTWYM9cL0aETW41R6twNaMC4kFj3EeSg61-iJqPScwbEesr86XDSM0HA,inport picture,5,5,"(1, 0, 0)",3,"(1, 0, 0)"
886-0-gp:AOqpTOGCZjfW3e1aJd7XOn2V02OPCUsFkYJrE8tXUhM-QgYwj6rHdT9YDuV0A9hpxQ3Ehp6RZ7_3Mos-9rz4RA,low end,5,4,"(1, 0, 0)",2,"(1, 0, 0)"
899-0-gp:AOqpTOGPqvm4T4yWdNMotBAHwobUPl6Mdbs7jFT4CDx36KmG7WO6ati_XD4B2q-o5oyMuNxJq1My3AN5_c_fxA,enter texts,5,3,"(1, 0, 0)",2,"(1, 0, 0)"
PAINTROID-164,close transform tool options clicking apply,2,1,"(1, 0, 0)",1,"(1, 0, 0)"
PAINTROID-163,save temporary copies automatically,5,1,"(1, 0, 0)",1,"(1, 0, 0)"
PAINTROID-161,save load pocketpaint format,20,1,"(1, 0, 0)",1,"(1, 0, 0)"
PAINTROID-160,save load pocketpaint format,13,1,"(1, 0, 0)",1,"(1, 0, 0)"
PAINTROID-159,hide unhide layer,5,1,"(1, 0, 0)",1,"(1, 0, 0)"
PAINTROID-158,share feature,3,1,"(1, 0, 0)",1,"(1, 0, 0)"
PAINTROID-157,feedback menu entry overflow menu,3,1,"(1, 0, 0)",1,"(1, 0, 0)"
PAINTROID-155,insert image catrobat media gallery,5,1,"(1, 0, 0)",1,"(1, 0, 0)"
PAINTROID-154,auto crop icon,2,1,"(1, 0, 0)",1,"(1, 0, 0)"
PAINTROID-152,checkmark confirm tool applications,3,1,"(1, 0, 0)",1,"(1, 0, 0)"
PAINTROID-150,save dialog,3,1,"(1, 0, 0)",1,"(1, 0, 0)"
PAINTROID-149,better compression research implementation,5,1,"(1, 0, 0)",1,"(1, 0, 0)"
PAINTROID-148,export,3,1,"(1, 0, 0)",1,"(1, 0, 0)"
PAINTROID-146,center button transform tool,5,1,"(1, 0, 0)",1,"(1, 0, 0)"
PAINTROID-145,fastlane support huawei store,5,1,"(1, 0, 0)",1,"(1, 0, 0)"
PAINTROID-131,github crowdin integration,3,1,"(1, 0, 0)",1,"(1, 0, 0)"
PAINTROID-130,build paintroid pull requests catroid develop jenkins,8,1,"(1, 0, 0)",1,"(1, 0, 0)"
PAINTROID-126,reuse drawingsurface pipette activity,8,1,"(1, 0, 0)",1,"(1, 0, 0)"
PAINTROID-121,upload mapping jenkins release builds,5,1,"(1, 0, 0)",1,"(1, 0, 0)"
PAINTROID-101,correct user intended position tools,5,1,"(1, 0, 0)",1,"(1, 0, 0)"
PAINTROID-91,dynamic color scheme,5,1,"(1, 0, 0)",1,"(1, 0, 0)"
